{"acc": 0.8265541010156819, "loss": 0.0983592972915314, "_timestamp": 1715782529.030606, "_runtime": 7.108958959579468, "_step": 7, "_wandb": {"runtime": 6}}