,h_dim,z_dim,n_layers,seq_len_train,batch_size,lr_scheduler_nepochs,lr_scheduler_factor,model_param,marginal_likeli,vaf,rmse
0,70,5,1,64,128,10,10,81362,-51.703393470800556,0.004141461177953332,2.538922305967489
0,70,5,1,64,128,10,10,81362,-49.47331600808278,0.005697396612902583,2.5349249566467864
0,70,5,1,64,128,10,10,81362,-48.55840341664467,0.013452890902820869,2.527872465670997
